gold,product,supplier,years
"<i class=""supplier-icon icbu-certificate-icon icbu-certificate-icon-verified""></i>",Black Anodized Aluminum Frame Automatic Frosted Tempered Glass Panels Garage Door prices,"Shenzhen Jinpai Industrial Co., Ltd.",
"<i class=""supplier-icon ui2-icon-svg ui2-icon-svg-xs ui2-icon-svg-trade-assurance""></i>",antique style cheap mdf pvc kitchen cabinet door price,Nanjing Siyan International Ltd.,
"<i class=""supplier-icon ui2-icon-svg ui2-icon-svg-xs ui2-icon-svg-gold-supplier""></i>",Stainless steel double action swinging traffic doors for commercial kitchens,"Shenzhen EASY Automation Co., Ltd.",
"<i class=""supplier-icon ui2-icon-svg ui2-icon-svg-xs ui2-icon-svg-trade-assurance""></i>",Guangzhou Teak Wooden Single Door Designs,"Zhongshan Green Build Wood Industry Co., Ltd.",
"<i class=""supplier-icon ui2-icon-svg ui2-icon-svg-xs ui2-icon-svg-gold-supplier""></i>",Stainless safety used metal steel door with security main door models,"Guangzhou Yue Jia Doors And Windows Co., Limited",
"<i class=""supplier-icon ui2-icon-svg ui2-icon-svg-xs ui2-icon-svg-trade-assurance""></i>",Cold room sliding Door Design with Pu material,"OnlyKem (Jinan) Technology Co., Ltd.",
"<i class=""supplier-icon ui2-icon-svg ui2-icon-svg-xs ui2-icon-svg-gold-supplier""></i>",Hot sale rfl pvc price steel door,"Hangzhou Haodi Decorates Furniture Co., Ltd.",
"<i class=""supplier-icon ui2-icon-svg ui2-icon-svg-xs ui2-icon-svg-trade-assurance""></i>",New Design Hot Sale Color Steel Door Main Design Wood Armored Door Godrej Steel Doors from China Low Price,"Anhui Hotian Doors & Windows Co., Ltd.",
"<i class=""supplier-icon ui2-icon-svg ui2-icon-svg-xs ui2-icon-svg-gold-supplier""></i>",100% exterior Mahogany Tiffany frosted triple pane glass Wood Door Exterior Front Entry Double House double main wooden door,"Fuzhou Joshua Building Material Trading Co., Ltd.",
"<i class=""supplier-icon ui2-icon-svg ui2-icon-svg-xs ui2-icon-svg-trade-assurance""></i>",KK9011 Kitchen Swing Door or Interior Frosted Glass Door For Bathroom,"Foshan Kmry Sanitary Ware Co., Ltd.",
"<i class=""supplier-icon icbu-certificate-icon icbu-certificate-icon-verified""></i>",aluminium doors and windows designs by golden supplier,"Foshan City FINE Metal Products Co., Ltd.",
"<i class=""supplier-icon ui2-icon-svg ui2-icon-svg-xs ui2-icon-svg-trade-assurance""></i>",Tempered Frosted Glass Bathroom Door,"Shandong Weihua Glass Co., Ltd.",
"<i class=""supplier-icon ui2-icon-svg ui2-icon-svg-xs ui2-icon-svg-gold-supplier""></i>",Hot Sale Cheap House Exterior Safety Metal Entrance Indian Kerala Steel Door Design,"Sichuan Xingshifa Door & Window Co., Ltd.",
"<i class=""supplier-icon ui2-icon-svg ui2-icon-svg-xs ui2-icon-svg-gold-supplier""></i>",Hot Sales highm quality Beautiful Style Wooden Hospital pvc bathroom door design,"Yiwu Kings Industry Co., Ltd.",
"<i class=""supplier-icon ui2-icon-svg ui2-icon-svg-xs ui2-icon-svg-trade-assurance""></i>",DO-109 High Quality Elegant Design Hotel Furniture Wooden Plywood Door,"Foshan YSK Furniture Co., Ltd.",
"<i class=""supplier-icon ui2-icon-svg ui2-icon-svg-xs ui2-icon-svg-gold-supplier""></i>",lowes wrought iron security doors,"Liaocheng Crown Craftsman Metal Products Co., Ltd.",
"<i class=""supplier-icon ui2-icon-svg ui2-icon-svg-xs ui2-icon-svg-trade-assurance""></i>",China factory italy style aluminum closet doors with pivot hinge,"Foshan Nanhai Value Aluminum Products Co., Ltd.",
"<i class=""supplier-icon icbu-certificate-icon icbu-certificate-icon-verified""></i>",AS2047 Certificated Folding sliding glass doors / bi folding door,"Guangzhou Alufront Aluminium Co., Ltd.",
"<i class=""supplier-icon ui2-icon-svg ui2-icon-svg-xs ui2-icon-svg-trade-assurance""></i>",Modern Design Apartment Main Gate Stainless Steel Door Price,"Shanghai Juwan Furniture Co., Ltd.",
"<i class=""supplier-icon ui2-icon-svg ui2-icon-svg-xs ui2-icon-svg-gold-supplier""></i>",Hot Sale Customized Solid Wood Cabinet Door,"Shanghai Woodyoulike Industries Co., Ltd.",
"<i class=""supplier-icon ui2-icon-svg ui2-icon-svg-xs ui2-icon-svg-trade-assurance""></i>",Exterior bifold wooden aluminum transparent glass soundproof accordion folding doors for philippines patio,"Foshan CHUJIN International Trading Co., Ltd.",
"<i class=""supplier-icon icbu-certificate-icon icbu-certificate-icon-verified""></i>",American style china cheap small interior aluminum china folding door,Zhongshan Broad Windows & Doors & Curtain Wall System Company Limited,
"<i class=""supplier-icon ui2-icon-svg ui2-icon-svg-xs ui2-icon-svg-trade-assurance""></i>",2018 Modern rosewood bedroom doors,"Guangdong Ehe Doors And Windows Technology Co., Ltd.",
"<i class=""supplier-icon icbu-certificate-icon icbu-certificate-icon-verified""></i>",Tempered round shower glass sliding door with AS/NZS2208 certificates,"Dongguan Taida Glass Co., Limited",
"<i class=""supplier-icon ui2-icon-svg ui2-icon-svg-xs ui2-icon-svg-trade-assurance""></i>",Best selling low price wrought iron double entry security doors NTED-092Y,"Shijiazhuang Norton Trade Co., Ltd.",
"<i class=""supplier-icon ui2-icon-svg ui2-icon-svg-xs ui2-icon-svg-gold-supplier""></i>",High Quality Iron Single Door Design Grill Door Designs,"Xiamen Ouya Industry And Trade Co., Ltd.",
"<i class=""supplier-icon ui2-icon-svg ui2-icon-svg-xs ui2-icon-svg-trade-assurance""></i>",Commercial automatic wood aluminum glass lift slide door,"Shenzhen Doorwin Industry & Trade Co., Ltd.",
"<i class=""supplier-icon ui2-icon-svg ui2-icon-svg-xs ui2-icon-svg-gold-supplier""></i>",Most Popular Wholesale 16X7 Double Car Garage Door,"Wuxi Xufeng Door Industry Manufacturing Co., Ltd.",
"<i class=""supplier-icon ui2-icon-svg ui2-icon-svg-xs ui2-icon-svg-trade-assurance""></i>","Custom Design Strong Security Steel Swing Front Door,Vintage Single Exterior Steel Door",Cbmmart Limited,
"<i class=""supplier-icon icbu-certificate-icon icbu-certificate-icon-verified""></i>",Security fire proof access panel door,"Hangzhou Shunshi Hardware & Machinery Co., Ltd.",
"<i class=""supplier-icon ui2-icon-svg ui2-icon-svg-xs ui2-icon-svg-trade-assurance""></i>",AS2047 Australian standard double glass aluminium frame sliding door,"Foshan Tenghui Household Co., Ltd.",
"<i class=""supplier-icon ui2-icon-svg ui2-icon-svg-xs ui2-icon-svg-gold-supplier""></i>",Contemporary slide double leaf glass door with tempered glass,"Qingdao New Hope Industry & Trade Co., Ltd.",
"<i class=""supplier-icon ui2-icon-svg ui2-icon-svg-xs ui2-icon-svg-trade-assurance""></i>",wooden composite door composite door composite kitchen cabinet door,"Zhejiang Jindi Door Co., Ltd.",
"<i class=""supplier-icon ui2-icon-svg ui2-icon-svg-xs ui2-icon-svg-gold-supplier""></i>",Hansi aluminum screen door philippines with grill design and mosquito net,"Shanghai Hansi Decoration Material Co., Ltd.",
"<i class=""supplier-icon ui2-icon-svg ui2-icon-svg-xs ui2-icon-svg-trade-assurance""></i>",8mm tempered opaque glass door,"Shenzhen Zeelang Glass Co., Ltd.",
"<i class=""supplier-icon ui2-icon-svg ui2-icon-svg-xs ui2-icon-svg-gold-supplier""></i>",white primer MDF Door 800x2100x35mm,"Chenming Industry & Commerce Shouguang Co., Ltd.",
"<i class=""supplier-icon icbu-certificate-icon icbu-certificate-icon-verified""></i>",10mm frameless clear sandblast frosted tempered glass office door price,"Yantai Thriking Glass Co., Ltd.",
"<i class=""supplier-icon ui2-icon-svg ui2-icon-svg-xs ui2-icon-svg-trade-assurance""></i>",2019 Hot Selling High Speed Repairable Plastic Zipper Door With Good Price,"Shanghai Everbesten International Trade Co., Ltd.",
"<i class=""supplier-icon ui2-icon-svg ui2-icon-svg-xs ui2-icon-svg-gold-supplier""></i>",Australian United States Standard Aluminium Double Triple Glazed Thermal Break Powder Coated Anodized Sliding Doors,"Foshan Muropen Door And Window Co., Ltd.",
"<i class=""supplier-icon ui2-icon-svg ui2-icon-svg-xs ui2-icon-svg-trade-assurance""></i>",Heavy Duty Aluminum Sliding Door factory sale,Guangzhou Lingyin Construction Materials Ltd.,
"<i class=""supplier-icon ui2-icon-svg ui2-icon-svg-xs ui2-icon-svg-gold-supplier""></i>",latest design mdf wooden door interior door room door,"Guangzhou Apro Building Material Co., Ltd.",
"<i class=""supplier-icon ui2-icon-svg ui2-icon-svg-xs ui2-icon-svg-trade-assurance""></i>",Popular Kent style interior project veneer laminated China solid Teak wood Door,"Zhejiang Jinkai Door Industry Co., Ltd.",
"<i class=""supplier-icon ui2-icon-svg ui2-icon-svg-xs ui2-icon-svg-gold-supplier""></i>",Factory Price China Exterior Black Door Position Steel Security Door Turkey Steel Door,"Anhui Hotian Doors & Windows Co., Ltd.",
"<i class=""supplier-icon ui2-icon-svg ui2-icon-svg-xs ui2-icon-svg-trade-assurance""></i>",Modern style automatic sectional glass garage door for home building,"Alland Building Materials (Shenzhen) Co., Ltd.",
"<i class=""supplier-icon icbu-certificate-icon icbu-certificate-icon-verified""></i>",20 Years professional manufacturer design security blast proof steel doors,"Chengdu Ai Wu Security Technology Co., Ltd.",
"<i class=""supplier-icon ui2-icon-svg ui2-icon-svg-xs ui2-icon-svg-trade-assurance""></i>",used sliding glass doors sale,"Foshan NF Windows And Doors System Co., Ltd.",
"<i class=""supplier-icon ui2-icon-svg ui2-icon-svg-xs ui2-icon-svg-gold-supplier""></i>",Security Anti-Theft China Wooden Glass Door With Key And Lock,"Xiamen Kdsbuilding Material Co., Ltd.",
"<i class=""supplier-icon icbu-certificate-icon icbu-certificate-icon-verified""></i>",Foshan aluminum doors and windows folding doors,"Foshan Wanjia Window And Door Co., Ltd.",
"<i class=""supplier-icon ui2-icon-svg ui2-icon-svg-xs ui2-icon-svg-trade-assurance""></i>",New Design Metal Child Safety Door For Baby And Pet,"Zhejiang Santin Smart Home Technology Co., Ltd.",
"<i class=""supplier-icon ui2-icon-svg ui2-icon-svg-xs ui2-icon-svg-gold-supplier""></i>",Australia Standard Bulletproof Powder Coated Aluminum folding glass Soundproof Veranda Bifold Door,"Fuzhou Ropo Building Materials Co., Ltd.",
"<i class=""supplier-icon ui2-icon-svg ui2-icon-svg-xs ui2-icon-svg-trade-assurance""></i>",2018 Steel Door Clean Room Door,"Sino Pharmaceutical Equipment Development (Liaoyang) Co., Ltd.",
"<i class=""supplier-icon ui2-icon-svg ui2-icon-svg-xs ui2-icon-svg-gold-supplier""></i>",DIY sliding glass barn door for home partition,"Shanghai Rally Glass Hardware Co., Ltd.",
"<i class=""supplier-icon ui2-icon-svg ui2-icon-svg-xs ui2-icon-svg-trade-assurance""></i>",QX High Speed Fast Automatic PVC Folding Roller Shutter Door,"Guangzhou Qixiang Industry Co., Ltd.",
"<i class=""supplier-icon ui2-icon-svg ui2-icon-svg-xs ui2-icon-svg-gold-supplier""></i>",Australian standard aluminium bathroom glass folding door and european standard with AS2047,"Shanghai YueNiu Industrial Co., Ltd.",
"<i class=""supplier-icon ui2-icon-svg ui2-icon-svg-xs ui2-icon-svg-trade-assurance""></i>",Aluminum patio/balcony double glass exterior accordion folding door,"Shanghai Huazhijie Windows And Doors Co., Ltd.",
"<i class=""supplier-icon ui2-icon-svg ui2-icon-svg-xs ui2-icon-svg-gold-supplier""></i>",Security Bullet Proof frameless Glass Doors,Foshan Yigo Hardware Limited,
"<i class=""supplier-icon ui2-icon-svg ui2-icon-svg-xs ui2-icon-svg-trade-assurance""></i>",Soundproof aluminum glass door bi fold door,"Shanghai Minye Decoration Co., Ltd.",
"<i class=""supplier-icon icbu-certificate-icon icbu-certificate-icon-verified""></i>",Cleanroom GMP Standard Powder Coated Clean Room Door With CE Certificate,"Success Way (Suzhou) Clean Technology Co., Ltd.",
"<i class=""supplier-icon ui2-icon-svg ui2-icon-svg-xs ui2-icon-svg-trade-assurance""></i>",Paint White Aluminum Sliding Mirror Wardrobe Doors,"Foshan Ulike Home Supplies Co., Ltd.",
"<i class=""supplier-icon icbu-certificate-icon icbu-certificate-icon-verified""></i>",aluminum metal door modern gate entrance door,"Foshan Seeyesdoor Homeware Co., Limited",
"<i class=""supplier-icon ui2-icon-svg ui2-icon-svg-xs ui2-icon-svg-trade-assurance""></i>",Gorgeous Design Steel Security Door for Sale,"Yongkang Sun City Industrial Co., Ltd.",
"<i class=""supplier-icon ui2-icon-svg ui2-icon-svg-xs ui2-icon-svg-gold-supplier""></i>",Manufacturer Direct Sale pvc high speed professional low prices rapid electric roll up door,"Guangzhou Hanmoke Mechanical Equipment Co., Ltd.",
"<i class=""supplier-icon ui2-icon-svg ui2-icon-svg-xs ui2-icon-svg-trade-assurance""></i>",High Quality Best Price Custom Printed Eyebrow Arch Cast Iron Interior Sliding Barn Door L2001,Foshan Nanhai Xin Jianwei Hardware Factory,
"<i class=""supplier-icon icbu-certificate-icon icbu-certificate-icon-verified""></i>",cheap exterior used commercial 120 minute fire rated steel doors for commercial house,"Guangzhou Longxuan Door Co., Ltd.",
"<i class=""supplier-icon ui2-icon-svg ui2-icon-svg-xs ui2-icon-svg-trade-assurance""></i>",Powder Coated Double Glazed Iron French Entry Door&Windows,"Xiamen SenYi Ironware Co., Ltd.",
"<i class=""supplier-icon icbu-certificate-icon icbu-certificate-icon-verified""></i>",Custom Anti-deformation Contemporary Solid Modern Wood Front Doors,"Heilongjiang Tengyuan International Trading Co., Ltd.",
"<i class=""supplier-icon ui2-icon-svg ui2-icon-svg-xs ui2-icon-svg-trade-assurance""></i>",Remote control electric steel material insulated sectional overhead automatic overhead garage door,"Wuxi Yonghong Technology Co., Ltd.",
"<i class=""supplier-icon ui2-icon-svg ui2-icon-svg-xs ui2-icon-svg-gold-supplier""></i>",Get $1000 coupon luxury cast aluminum doors villa exterior entrance bullet proof doors front door designs,"Guangzhou Zanfit Trading Co., Ltd.",
"<i class=""supplier-icon ui2-icon-svg ui2-icon-svg-xs ui2-icon-svg-trade-assurance""></i>",Luxury House Villa High Quality Security Steel Main Door Price Design From China Manufacturer,"Foshan Grandsea Building Material Co., Ltd.",
"<i class=""supplier-icon ui2-icon-svg ui2-icon-svg-xs ui2-icon-svg-gold-supplier""></i>","American Market Five Panel Interior Shaker Door, MDF Lacquered Shaker Door","Kangton Industry, Inc.",
"<i class=""supplier-icon ui2-icon-svg ui2-icon-svg-xs ui2-icon-svg-trade-assurance""></i>",Engineered Walnut Wood Veneer Single Room Door Design,"Foshan Santopova Home Co., Limited",
"<i class=""supplier-icon ui2-icon-svg ui2-icon-svg-xs ui2-icon-svg-gold-supplier""></i>",Internal MDF PVC Doors for House Building,"Zhejiang Kings Door Industry Co., Ltd.",
"<i class=""supplier-icon ui2-icon-svg ui2-icon-svg-xs ui2-icon-svg-gold-supplier""></i>","aluminum door, aluminium bathroom doors","Shandong Xinyudong Aluminium Co., Ltd.",
"<i class=""supplier-icon ui2-icon-svg ui2-icon-svg-xs ui2-icon-svg-trade-assurance""></i>",Superwu Australian Standard AS2047 AS/NZS2208 AS1288 aluminum exterior glass folding door,"Shanghai Superwu Therm Windows,LLC",
"<i class=""supplier-icon icbu-certificate-icon icbu-certificate-icon-verified""></i>",Low-E glass aluminum folding accordion kitchen custom bi fold doors for veranda,"Guangzhou Xiya Building Material Co., Ltd.",
"<i class=""supplier-icon ui2-icon-svg ui2-icon-svg-xs ui2-icon-svg-trade-assurance""></i>",Aluminium thermal break tempered glass exterior bi folding entry doors,Shanghai Aoland Building Materials Limited,
"<i class=""supplier-icon ui2-icon-svg ui2-icon-svg-xs ui2-icon-svg-gold-supplier""></i>",China stainless steel single door design metal door Sales in America,"Guangzhou Topbright Building Materials Co., Ltd.",
"<i class=""supplier-icon ui2-icon-svg ui2-icon-svg-xs ui2-icon-svg-trade-assurance""></i>",AAMA/NFRC Certified entrance aluminium hinged doors for double glazed doors,"Shanghai Mylch Windows And Doors Manufacturing Co., Ltd.",
"<i class=""supplier-icon ui2-icon-svg ui2-icon-svg-xs ui2-icon-svg-gold-supplier""></i>",aluminum alloy tempered glass sliding doors and window for house,"Foshan Wanjia Window And Door Co., Ltd.",
"<i class=""supplier-icon ui2-icon-svg ui2-icon-svg-xs ui2-icon-svg-trade-assurance""></i>",Exterior and interior use frameless sliding folding glass doors glazed partition door for office,"Guangdong Egood Partition Products Co., Ltd.",
"<i class=""supplier-icon ui2-icon-svg ui2-icon-svg-xs ui2-icon-svg-gold-supplier""></i>",Cheap price patio sliding glass doors for sale,"Foshan Wanjia Window And Door Co., Ltd.",
"<i class=""supplier-icon ui2-icon-svg ui2-icon-svg-xs ui2-icon-svg-trade-assurance""></i>",Walnut latest design wooden interior room door,"Guangzhou Apex Building Material Co., Ltd.",
"<i class=""supplier-icon ui2-icon-svg ui2-icon-svg-xs ui2-icon-svg-gold-supplier""></i>",Latest Design Nice Cheap Glass MDF Wooden Door Interior Door Room Door,"Jiangshan Oupai Door Industry Co., Ltd.",
"<i class=""supplier-icon ui2-icon-svg ui2-icon-svg-xs ui2-icon-svg-trade-assurance""></i>",China Supplier Interior High Quality Waterproof Isreal Market WPC Door,"Wenzhou Tianxi Hardware Co., Ltd.",
"<i class=""supplier-icon icbu-certificate-icon icbu-certificate-icon-verified""></i>",metal dutch exterior horse barn window and doors,"Anping JH Steel Grating Metal Wire Mesh Co., Ltd.",
"<i class=""supplier-icon ui2-icon-svg ui2-icon-svg-xs ui2-icon-svg-trade-assurance""></i>",Bomei Front Door Design Main Entrance Lattice Wooden Doors,"Guangdong Bomei Windows & Doors Co., Ltd.",
"<i class=""supplier-icon icbu-certificate-icon icbu-certificate-icon-verified""></i>",Teeyeo aluminum casement double door french door,"Jinan Teeyeo Industry Co., Ltd.",
"<i class=""supplier-icon ui2-icon-svg ui2-icon-svg-xs ui2-icon-svg-trade-assurance""></i>",AS2047 Australia standard large glass panels design aluminum sliding patio door,Guangzhou Lingyin Construction Materials Ltd.,
"<i class=""supplier-icon icbu-certificate-icon icbu-certificate-icon-verified""></i>","2019 new Trending product double glass aluminium soundproof used exterior french doors,casement door/hinged door for sale","Shenzhen Hongtai Doors And Windows Co., Ltd.",
"<i class=""supplier-icon ui2-icon-svg ui2-icon-svg-xs ui2-icon-svg-trade-assurance""></i>",2019 hot sale AD - GLS1809 American insulated aluminum glass panel garage door with good prices,"Guangzhou Advance Construction Material Co., Ltd.",
"<i class=""supplier-icon ui2-icon-svg ui2-icon-svg-xs ui2-icon-svg-gold-supplier""></i>",CSA NFRC AS2047 standard custom sized external frosted glass aluminum bi fold folding doors,Superhouse (Jiangsu) Windows System LLC,
"<i class=""supplier-icon ui2-icon-svg ui2-icon-svg-xs ui2-icon-svg-trade-assurance""></i>",CAYOE Double tempered glass 20 mm narrow frame aluminum sliding doors,"Foshan Cayoe Aluminum Co., Ltd.",
"<i class=""supplier-icon icbu-certificate-icon icbu-certificate-icon-verified""></i>",Fancy heatproof aluminum security doors exterior,"Guangdong Yacai Door Window And Curtain Wall Co., Ltd.",
"<i class=""supplier-icon ui2-icon-svg ui2-icon-svg-xs ui2-icon-svg-trade-assurance""></i>",House Front Entry Exterior main entrance Security Steel Door,"Jinhua Magellan Import And Export Co., Ltd.",
"<i class=""supplier-icon ui2-icon-svg ui2-icon-svg-xs ui2-icon-svg-gold-supplier""></i>",Industrial Aluminum Alloy Automatic Sliding Door,"Foshan City Chancheng Dis C.X.H.A Gate Co., Ltd.",
"<i class=""supplier-icon ui2-icon-svg ui2-icon-svg-xs ui2-icon-svg-trade-assurance""></i>",Glass Door prices 19mm 15mm 10mm 6mm 8mm 12mm Tempered Glass Door,Qinhuangdao Aohong Glass Limited Company,
"<i class=""supplier-icon ui2-icon-svg ui2-icon-svg-xs ui2-icon-svg-gold-supplier""></i>","wood doors prices,wooden doors design","Shouguang Sunrise Industry Co., Ltd.",
"<i class=""supplier-icon ui2-icon-svg ui2-icon-svg-xs ui2-icon-svg-trade-assurance""></i>",Custom stainless commercial 2 hour steel fire escape resistant exterior doors,"Foshan Qi'an Fireproof Shutter Doors Co., Ltd.",
"<i class=""supplier-icon icbu-certificate-icon icbu-certificate-icon-verified""></i>",UL Intertek FM steel fire rated door 1.5 / 3 hours with flush/2 panels/6 panels type,"Dalian Golden House Door & Window Manufacture Co., Ltd.",
"<i class=""supplier-icon ui2-icon-svg ui2-icon-svg-xs ui2-icon-svg-trade-assurance""></i>",thermal break profiles aluminium folding doors double tempered glazing,"Shandong Orient Aluminium Co., Ltd.",
"<i class=""supplier-icon ui2-icon-svg ui2-icon-svg-xs ui2-icon-svg-gold-supplier""></i>",Australia Thermal break aluminum sliding door for living room glass sliding doors price,"Shanghai Renshi Doors & Windows Co., Ltd.",
"<i class=""supplier-icon ui2-icon-svg ui2-icon-svg-xs ui2-icon-svg-trade-assurance""></i>",Modern low-price best-selling front door interior door steel door,"Chengdu Hele Doors Co., Ltd.",
"<i class=""supplier-icon icbu-certificate-icon icbu-certificate-icon-verified""></i>",modern house security aluminium glass sliding door,"Foshan Uhouse Door And Window Co., Ltd.",
"<i class=""supplier-icon ui2-icon-svg ui2-icon-svg-xs ui2-icon-svg-trade-assurance""></i>",Save Space Partition Tempered Frameless Glass Folding Door,"Guangzhou Xuliang Decoration Engineering Co., Ltd.",
"<i class=""supplier-icon icbu-certificate-icon icbu-certificate-icon-verified""></i>",Commercial Double Aluminum Frameless Glass Doors/High- Grade Steel Security Door With CE Certificates,"Fujian Omker Intelligent Technology Co., Ltd.",
"<i class=""supplier-icon ui2-icon-svg ui2-icon-svg-xs ui2-icon-svg-trade-assurance""></i>",Reliable quality decorative external vertical steel bifold garage door,"Zhuhai Dek Industrial Door Co., Ltd.",
"<i class=""supplier-icon ui2-icon-svg ui2-icon-svg-xs ui2-icon-svg-gold-supplier""></i>",Ruizhan Customized Plastic Extrusion Profiles PVC ABS Clear Cabinet Tambour Rolling Up Shutter Doors For Furniture,"Shanghai Ruizhan Plastic Manufacture Co., Ltd.",
"<i class=""supplier-icon ui2-icon-svg ui2-icon-svg-xs ui2-icon-svg-trade-assurance""></i>","MJL OEM / ODM Aluminum Bifold Glass Door , Folding Doors Design for Home","Guangzhou MJL Building Materials Co., Ltd.",
"<i class=""supplier-icon ui2-icon-svg ui2-icon-svg-xs ui2-icon-svg-gold-supplier""></i>","PHIPULO Factory Direct Latest Design Exterior House Model Metal Door,Security Steel Door Price","Yongkang Phipulo Industry&Trade Co., Ltd.",
"<i class=""supplier-icon ui2-icon-svg ui2-icon-svg-xs ui2-icon-svg-trade-assurance""></i>",Triple glass aluminum lift sliding door Thermal break double safety glazing doors with AS2047 and window &amp,"Shenzhen Doorwin Industry & Trade Co., Ltd.",
"<i class=""supplier-icon icbu-certificate-icon icbu-certificate-icon-verified""></i>",2019 cold storage door,"Jiangsu Snowball Cold Chain Technology Co., Ltd.",
"<i class=""supplier-icon ui2-icon-svg ui2-icon-svg-xs ui2-icon-svg-trade-assurance""></i>",Aluminium surface sliding door for sale,"Jiangsu Maierhua Energy Saving Technology Co., Ltd.",
"<i class=""supplier-icon ui2-icon-svg ui2-icon-svg-xs ui2-icon-svg-gold-supplier""></i>",New style automatic sliding glass door design for buildings,"Shanghai PAD Automatic Doors Technology Co., Ltd.",
"<i class=""supplier-icon ui2-icon-svg ui2-icon-svg-xs ui2-icon-svg-trade-assurance""></i>",ASICO BK78 Hot Design Interior Fireproof Fire rated Solid Wood Door With BM TRADA,"Qingdao Volno Industry & Trade Co., Ltd.",
"<i class=""supplier-icon ui2-icon-svg ui2-icon-svg-xs ui2-icon-svg-gold-supplier""></i>",Latest design large interior glass sliding synchronous door with soft closing system,"Foshan Huadi Metal Produce Co., Ltd.",
"<i class=""supplier-icon ui2-icon-svg ui2-icon-svg-xs ui2-icon-svg-trade-assurance""></i>",AS2047 & CSA standard & Florida approval thermal break double glass balcony exterior sliding glass door,"Shanghai Superhouse Building Material Co., Ltd.",
"<i class=""supplier-icon ui2-icon-svg ui2-icon-svg-xs ui2-icon-svg-gold-supplier""></i>",interior mdf wood door designs pvc bathroom/toilet door,"Yongkang Jiahua Electronic & Mechanical Co., Ltd.",
"<i class=""supplier-icon ui2-icon-svg ui2-icon-svg-xs ui2-icon-svg-trade-assurance""></i>",Simple Modern Wooden Melamine Finish Door Design,Oppein Home Group Inc.,
"<i class=""supplier-icon icbu-certificate-icon icbu-certificate-icon-verified""></i>",Modern Design Wood Veneer Sliding Barn Door MDF Shaker Door,"Ningbo Tengyu Metal Product Co., Ltd.",
"<i class=""supplier-icon ui2-icon-svg ui2-icon-svg-xs ui2-icon-svg-trade-assurance""></i>",JHK-006 6 Panel Solid Core White Primer MDF HDF Kitchen Interior Door,"Zhejiang Jihengkang (JHK) Door Industry Co., Ltd.",
"<i class=""supplier-icon icbu-certificate-icon icbu-certificate-icon-verified""></i>",Foshan Revoliving Hinges Waterproof Large Designs Modern Wooden Pivot Entry Doors,"Foshan Nanhai Prettywood Co., Ltd.",
"<i class=""supplier-icon ui2-icon-svg ui2-icon-svg-xs ui2-icon-svg-trade-assurance""></i>",Black Walnut Veneer Solid Core Prefinished Commercial Interior Wood Doors,"Hebei Forest Bright Wood Industry Co., Ltd.",
"<i class=""supplier-icon ui2-icon-svg ui2-icon-svg-xs ui2-icon-svg-gold-supplier""></i>",cheap pvc door,"Zhejiang Optima Door Industry Co., Ltd.",
"<i class=""supplier-icon ui2-icon-svg ui2-icon-svg-xs ui2-icon-svg-trade-assurance""></i>",Prime Mdfs Doors Interior White Inside Door,"Xiamen Reshine Wood Industry Co., Ltd.",
"<i class=""supplier-icon icbu-certificate-icon icbu-certificate-icon-verified""></i>",china supplier wholesale latest design wooden door interior door room door,Yekalon Industry Inc.,
"<i class=""supplier-icon ui2-icon-svg ui2-icon-svg-xs ui2-icon-svg-trade-assurance""></i>",Italy type latest design wood frame interior mdf door,"Hangzhou Huasen Furniture Decoration Co., Ltd.",
"<i class=""supplier-icon ui2-icon-svg ui2-icon-svg-xs ui2-icon-svg-gold-supplier""></i>",ASICO UL Listed Solid Wood Fire Rated Timber Hotel Interior Flush Door For Commercial,"Qingdao Volno Industry & Trade Co., Ltd.",
"<i class=""supplier-icon ui2-icon-svg ui2-icon-svg-xs ui2-icon-svg-trade-assurance""></i>",Environmental Protection Modern Soild Swing Wood Interior Door,"Ningbo Meijia Wood Product Co., Ltd.",
"<i class=""supplier-icon icbu-certificate-icon icbu-certificate-icon-verified""></i>",Simple look office design interior glass sliding folding door with 12mm tempered glass,"Foshan Huadi Metal Produce Co., Ltd.",
"<i class=""supplier-icon ui2-icon-svg ui2-icon-svg-xs ui2-icon-svg-trade-assurance""></i>",10 Year Warranty China Aluminum Balcony Patio Foldable Glass Folding Door Manufacture,"Fuzhou Ropo Building Materials Co., Ltd.",
"<i class=""supplier-icon icbu-certificate-icon icbu-certificate-icon-verified""></i>",Luxury design high quality low price single double exterior security steel door price,"Foshan Grandsea Building Material Co., Ltd.",
"<i class=""supplier-icon ui2-icon-svg ui2-icon-svg-xs ui2-icon-svg-trade-assurance""></i>",Prettywood Frosted Glass Design Interior Wooden HDF MDF PVC Toilet Bathroom Door Price,"Foshan Nanhai Prettywood Co., Ltd.",
"<i class=""supplier-icon icbu-certificate-icon icbu-certificate-icon-verified""></i>",Aluminium Double Glass Sliding Folding Door for Entrance,"Guangdong EHE Doors And Windows Technology Co., Ltd.",
"<i class=""supplier-icon ui2-icon-svg ui2-icon-svg-xs ui2-icon-svg-trade-assurance""></i>",Give $500 cash coupon wrought iron door security door,"Jinan Rainbow Door Co., Ltd.",
"<i class=""supplier-icon ui2-icon-svg ui2-icon-svg-xs ui2-icon-svg-gold-supplier""></i>",High speed spiral door,"ET Technology (Wuxi) Co., Ltd.",
"<i class=""supplier-icon ui2-icon-svg ui2-icon-svg-xs ui2-icon-svg-trade-assurance""></i>",AS2047 Double tempered glass swing aluminum mosquito door,"Taixing Sainty Industry Co., Ltd.",
"<i class=""supplier-icon ui2-icon-svg ui2-icon-svg-xs ui2-icon-svg-gold-supplier""></i>",made in china bathroom design frameless shower glass door,"Foshan Nanhai Kangjian Sanitaryware Co., Ltd.",
"<i class=""supplier-icon ui2-icon-svg ui2-icon-svg-xs ui2-icon-svg-trade-assurance""></i>",China Supplier New Design Solid Wood Main Door for Villa,Cbmmart Limited,
"<i class=""supplier-icon icbu-certificate-icon icbu-certificate-icon-verified""></i>",CE Automatic Customized Size Glass Panel Garage Door,"Wuxi Jianda Automatic Rolling Door Co., Ltd.",
"<i class=""supplier-icon ui2-icon-svg ui2-icon-svg-xs ui2-icon-svg-trade-assurance""></i>",UL 20min hotel fire rated fire proof wood flush door,"Hebei Senming Wood Industry Co., Ltd.",
"<i class=""supplier-icon ui2-icon-svg ui2-icon-svg-xs ui2-icon-svg-gold-supplier""></i>",4 panel aluminium accordion insulated glass folding doors,"Guangdong Yi Fa Doors And Windows Technology Co., Ltd.",
"<i class=""supplier-icon ui2-icon-svg ui2-icon-svg-xs ui2-icon-svg-trade-assurance""></i>",China good quality composite wooden door,"Shouguang Bailing Wood Industry Co., Ltd.",
"<i class=""supplier-icon ui2-icon-svg ui2-icon-svg-xs ui2-icon-svg-gold-supplier""></i>","OEM sliding glass door, manufacturers aluminium door, aluminium hanging sliding door","Foshan Huge Aluminum Co., Ltd.",
