Url,Telephone:
https://lpzm.en.alibaba.com/contactinfo.html,0086-021-66871188
https://growstar.en.alibaba.com/contactinfo.html,86-595-22875850
https://sinowell.en.alibaba.com/contactinfo.html,0086-21-55669995
https://czxinde.en.alibaba.com/contactinfo.html,86-519-86382555
https://hydroponics-products.en.alibaba.com/contactinfo.html,86-752-6816158
https://bistar.en.alibaba.com/contactinfo.html,86-021-31010158
https://horti-king.en.alibaba.com/contactinfo.html,86-0571-85235920
https://jr-lighting.en.alibaba.com/contactinfo.html,86-021-62500655
https://millenium.en.alibaba.com/contactinfo.html,86-021-31010158
https://jayotech.en.alibaba.com/contactinfo.html,0086-0755-84870389
